display_IPA,display_english,display_arabic,place_of_articulation,is_voiced,is_nasal,is_stop,is_fricative,is_affricate,is_liquid,is_glide,is_vowel,is_diphthong
ɜ,a,َ,,,,,,,,,y,n
ɜː,aa,ا,,,,,,,,,y,n
aj,ay,َي,,,,,,,,,y,y
aw,aw,َو,,,,,,,,,y,y
b,b,ب,bilabial,y,n,y,n,n,n,n,n,
d,d,د,alveodental,y,n,y,n,n,n,n,n,
dˤ,dh,ض,alveodental,y,n,y,n,n,n,n,n,
dʒ,j,ج,palatal,y,n,y,y,y,n,n,n,
ð,th,ذ,interdental,y,n,n,y,n,n,n,n,
ðˤ,th,ظ,interdental,y,n,n,y,n,n,n,n,
f,f,ف,labial,n,n,n,y,n,n,n,n,
h,h,ه,glottal,n,n,n,y,n,n,n,n,
ħ,ħ,ح,pharyngeal,n,n,n,y,n,n,n,n,
ɪ,i,ِ,,,,,,,,,y,n
iː,ee,ي,,,,,,,,,y,n
j,y,ي,palatal,y,n,n,n,n,n,y,n,
k,k,ك,velar,n,n,y,n,n,n,n,n,
l,l,ل,alveolar,y,n,n,n,n,y,n,n,
m,m,م,bilabial,y,y,y,n,n,n,n,n,
n,n,ن,alveodental,y,y,y,n,n,n,n,n,
q,q,ق,uvular,n,n,y,n,n,n,n,n,
r,r,ر,alveolar,y,n,n,n,n,y,n,n,
s,s,س,alveolar,n,n,n,y,n,n,n,n,
sˤ,ṣ,ص,alveolar,n,n,n,y,n,n,n,n,
ʃ,sh,ش,palatal,n,n,n,y,n,n,n,n,
t,t,ت,alveodental,n,n,y,n,n,n,n,n,
tˤ,ṭ,ط,alveodental,n,n,y,n,n,n,n,n,
θ,th,ث,interdental,n,n,n,y,n,n,n,n,
ʊ,u,ُ,,,,,,,,,y,n
uː,oo,و,,,,,,,,,y,n
w,w,و,velar,y,n,n,n,n,n,y,n,
x,kh,خ,velar,n,n,n,y,n,n,n,n,
ɣ,gh,غ,velar,y,n,n,y,n,n,n,n,
z,z,ز,alveolar,y,n,n,y,n,n,n,n,
ʔ,',ء,glottal,n,n,y,n,n,n,n,n,
ʕ,3,ع,pharyngeal,y,n,n,y,n,n,n,n,
